can_id,frequency,interval,label
768,2.6152026049691965,1.720336582026881,0
512,4.44108566955758,0.998808883839764,0
512,3.107487156802551,1.3383834553151648,0
512,3.6736027607891644,0.5052023595697552,0
768,4.6172946521411475,0.9615817408355232,0
256,3.329465272758675,1.6494528453174668,0
768,4.500380017126382,1.280686780501678,0
256,4.999037043022142,0.8043943725846359,0
256,4.362061069050059,0.530798589598901,0
512,2.3522383201259722,0.6535060018419112,0
768,3.1672885171421408,0.9979806748586513,0
256,3.579773302601752,1.019099923293016,0
256,1.332474896309951,0.5424055736831201,0
256,2.801632527581134,0.6714710364738813,0
768,4.201400539634461,1.1287223203555516,0
768,2.6073755996559758,1.4917328791344957,0
256,2.0000219262254064,1.7459316186596694,0
256,2.3125345632019982,0.9437935510876232,0
512,3.4949760466227953,0.6042894066023125,0
512,4.797777124024405,1.887849830374079,0
512,3.6367612909056546,1.4443111311877703,0
768,1.4493709423379069,1.921672874912135,0
512,1.3617374879479507,1.0406416489278525,0
512,1.3881746575399605,1.8386429319991258,0
512,4.490808719168309,1.3012293933248837,0
512,3.5770782836058594,0.7597357137490025,0
512,4.531082642911558,1.9806373057719568,0
768,4.757275258584874,1.1816925876266822,0
256,3.069805015490019,1.8699061913443757,0
512,4.8921012408234095,1.967033553264347,0
768,3.483033707784727,1.1673396132316085,0
512,4.7590238331291985,1.688454961763254,0
512,3.4218697468021135,1.3245378900678912,0
512,2.451518639880219,1.8053593894721813,0
768,2.174997105609065,1.6842375561760843,0
512,4.657273226972177,1.3604279562484334,0
256,3.2263430690725814,1.0516810007955755,0
512,3.91059890086736,1.7596210388002231,0
768,4.346096436779036,0.6867338403184732,0
512,2.5383699195033493,1.9698927317409285,0
768,1.8717467579048441,1.10521142417783,0
512,1.5212053319738454,0.59290756044755,0
768,1.8040666334707787,0.6748693031126871,0
512,2.861022472274874,1.3931822146006825,0
512,3.9460534545593555,0.843269337715423,0
256,2.2198104120696054,1.9580605949493806,0
256,2.298523286708784,0.9918635697459807,0
256,2.026897687657365,0.5237391512957754,0
256,4.963573912802595,0.7271841559676588,0
256,2.9429449149748943,1.322009977768074,0
256,4.112358185836804,1.7262543859225885,0
768,2.8807969434279577,1.666785236069159,0
256,4.199812108564897,1.4559795679292493,0
512,3.234825147681688,1.2760154635516836,0
768,2.9861452946274123,0.932259003441468,0
768,4.09857676659084,0.8522369189984449,0
256,3.285357625471709,1.7209568606523589,0
768,3.0122578805146545,1.7691555624850854,0
512,1.0400017428067114,0.5901159838283673,0
512,4.509179051415368,1.3813091872991563,0
512,1.1963966111564206,0.707977042181809,0
512,2.4608949000173603,1.0815551729247945,0
512,4.050277041641503,1.3150986602735828,0
256,2.96514996428466,0.8904342084819091,0
512,2.0114343232758833,1.099234390353669,0
256,4.614709014352114,1.3619641535270146,0
512,2.348760630143612,1.1986660209252769,0
512,4.154735402045285,0.6145128682252727,0
512,4.343716477439943,1.818436444589985,0
256,1.446695873551056,1.6465343544754711,0
512,2.2251305084003032,1.469341779049568,0
768,3.689241948589898,0.5570754843951569,0
256,1.2925610471849494,1.6234986608725288,0
256,4.648131106239467,1.168604443524254,0
768,1.1813265484011302,1.9891038905279173,0
512,4.163181458335735,1.99797720946786,0
256,2.967003459748638,0.6156184291780202,0
256,4.0581153939976,0.6350218967750014,0
256,4.164968034296036,1.0534588567973373,0
768,4.100031909520101,1.3125399074850364,0
768,1.4931090677229912,1.9269214695126635,0
512,4.854875506737546,1.7056617920246837,0
512,4.4468611668245215,0.5616241221369449,0
512,1.4508613125425533,1.8035489871711432,0
512,3.7604249640350993,1.8160882159492089,0
768,2.2851240232054115,0.6870701656695442,0
256,3.209032128072273,0.9790121488832932,0
256,4.622233557046251,1.2981698384782245,0
512,3.4913242548914303,0.7641233971584311,0
512,3.2875749963641505,1.6974820139902365,0
768,1.5660744818906966,1.064150536316942,0
768,4.891042335122728,0.6816159531421389,0
256,2.7634826812127185,1.521041762363128,0
512,1.9498936756995469,0.9126461934343975,0
768,4.278924390246427,1.5738061916236799,0
256,2.5714119659716985,1.1694296099188282,0
768,3.0483208360306895,1.552551687479779,0
512,4.028121321531149,1.9345693383871336,0
256,3.1342864510504573,1.4425615620315404,0
256,1.903188136081925,1.9326448060884747,0
768,3.49479309147444,1.7981324440639583,0
768,4.382768024383487,1.4229860352500774,0
768,2.282784344558107,1.8650263950674115,0
768,2.0176133782668475,1.8128322214156771,0
512,3.0556119009014697,1.9561192959500286,0
768,2.711843597028774,1.1953676429750861,0
512,3.7158255268346916,1.5985997323982526,0
256,3.823514934596693,1.7416617120871853,0
512,2.8550119911063847,0.6619706836884138,0
256,3.8243730176002133,0.9244860594516826,0
512,1.4210799957609654,1.6223365258323261,0
512,3.294372114567263,1.5894040358633053,0
768,4.754027785513599,1.9238735358427255,0
768,2.1124219560009116,1.4209516930608472,0
512,1.747810095230478,1.3220029035305432,0
256,3.374234519744366,1.5418734009242614,0
256,2.3779677959244836,0.6381165194850178,0
768,2.2511968673811285,0.5349706449842397,0
256,4.302477584487594,1.3818599930364517,0
512,3.6758262219611,1.3532869396977876,0
768,1.2633687642254565,1.4823386144324204,0
256,4.2050221603240505,0.86021488698405,0
768,2.186842134511686,1.067266270866254,0
256,1.4493711886106957,1.8609488101275062,0
256,2.7199682436133528,0.8464486913949312,0
256,3.196779279306368,0.892276953949682,0
512,1.1308511178513596,1.286634137761933,0
256,4.826176806575015,1.4988853322221456,0
256,4.765272531072538,1.32349098840128,0
768,2.7024029297829775,0.6972714910510417,0
256,3.8550649669109602,0.9613910915920221,0
768,4.9911803595834625,0.9053703126678323,0
256,4.245420117381337,1.360387665514717,0
768,2.5146029452676215,0.7904342171342658,0
512,2.045296072676855,1.4686583931334611,0
768,4.594294101032755,0.5493486700873669,0
256,2.833237487731487,0.8133415639235766,0
512,1.153457977257498,1.8774562380235433,0
512,2.9973404690386745,1.6864942000541872,0
512,4.165178087264156,0.8450538378932744,0
256,3.063239836875263,0.6910917959990647,0
768,3.5122378608383014,1.6234431626508874,0
256,4.562290112943423,0.8016232632955196,0
768,1.1246947863992776,1.2625800266342164,0
256,4.199876976779695,0.7235882953007079,0
256,3.561520720914767,1.192084067919062,0
768,3.238803744556687,1.6743771891231125,0
512,4.4707958596844595,1.5942167673806464,0
256,1.742845710413782,1.2648480767211425,0
256,3.871239239683572,0.9761291071574125,0
256,2.6155090520898483,1.8230427624895884,0
512,1.0327916460535698,1.4026698448119055,0
512,2.284684331863984,1.5284097398791854,0
256,3.0139310296807706,1.4568051937433772,0
768,4.511928296911709,1.8427299488553852,0
512,2.5472486217975954,1.033828924222544,0
768,1.3559044001104383,1.0193539289139188,0
768,4.7021049773457335,1.6940860208790074,0
768,3.0473307078241247,1.8364278999049009,0
256,4.369311418758928,0.6139285913942593,0
512,1.8702294341887873,1.5708982794995243,0
512,4.23413727028143,1.8296263973104028,0
768,1.3819925698947317,1.7897251878863618,0
512,2.131976607905395,1.6218402519464619,0
256,1.3372045283700822,1.5559753781436454,0
512,3.5947606246142847,0.8035679688968491,0
768,3.0644853741946028,1.1894220261285282,0
768,4.674170399444134,1.0874369654941658,0
768,2.2170506757687702,0.5253036168261388,0
256,3.8805564455915746,1.770110869341662,0
512,1.6696399125930195,1.59388251775406,0
512,3.5940417050497295,1.549027098485191,0
256,2.3995305521751704,1.4285949661305442,0
768,4.554016242365287,1.8214528975967328,0
256,4.515140411157331,0.9310703539995788,0
768,4.558212339906516,1.2510045986682379,0
256,2.4458795774894337,1.0465317255875743,0
512,4.805978758067974,1.0376593838629788,0
256,3.9227215440312975,1.1220130145753437,0
256,4.955187782843078,1.639211814267044,0
256,2.033549415710181,1.9573063483045763,0
768,1.9395954259425756,1.863069108080534,0
512,1.9398956506989822,1.063645100371239,0
256,4.101115655684321,0.8192036264839107,0
512,1.8624725025015332,0.5739348291224822,0
768,4.508044887217481,0.8573894794993289,0
256,2.074264593218157,1.4305592341112892,0
768,4.777962674319868,0.9841812330117188,0
512,2.5722783224662487,0.7748752126152803,0
512,3.1313781154570504,1.2046516798348184,0
512,2.9322539187886525,0.7860589009799954,0
512,3.490088367467591,1.2553018601183363,0
256,4.277831873172735,1.4758721861045911,0
768,3.1363682207217267,1.8128866736018099,0
768,4.782177621594382,1.2880726367718391,0
256,4.373694776479379,1.099655085121118,0
512,4.729107816040234,0.5592188951870287,0
512,4.540583316861985,0.9901287147162907,0
768,1.5621664247281513,0.7725154004048564,0
512,3.856269905618343,1.6910527522526013,0
512,4.62784518792197,1.058273080688924,0
768,3.0200064788944223,0.8001827730631705,0
256,3.61751952685611,1.1299061826721106,0
768,2.2376969469964756,1.7590393616575632,0
768,2.7600729994945397,0.9172257006579622,0
512,1.9256618912203955,1.1991363719252182,0
768,4.3371990822946875,0.5137783968897986,0
256,2.547668332852267,1.9997755399994825,0
256,4.31639490037688,1.4681238439449953,0
512,1.2531205751605068,1.1866004087637785,0
256,1.0642348534178674,0.7349732806799871,0
512,3.2640017082315627,0.5552149895169033,0
768,4.397327996745234,1.6237255910343842,0
256,1.2154247378392924,1.4973091026660248,0
512,3.434028241298156,0.7972252151293308,0
768,2.0752046118743386,0.9843191386009678,0
256,1.7157237937944312,1.9740844875236672,0
256,2.7524526355158208,1.5324056418399463,0
256,4.766513962683259,1.3928199871469635,0
768,3.2955090146754875,0.5399588074101804,0
768,3.5330226747366056,1.936440882857988,0
768,1.2715176120169445,0.6869863668759554,0
512,2.0283610777827423,1.834588697721894,0
256,3.116367067369168,1.9733082864595006,0
512,3.1071489825306493,0.8525422349552241,0
768,4.240184027952206,1.561419855692073,0
768,3.0565327458337332,1.2210386067208565,0
256,3.562829232044385,1.3792652844583517,0
256,3.555709562945405,0.7948323175789187,0
512,2.9575608467105905,1.714312557829491,0
512,4.060991816745321,1.2505363697266245,0
768,3.2005060915426187,0.9295297038824892,0
768,4.354285302067614,0.7754429247793373,0
768,2.6545092119810327,1.9574840981984571,0
768,2.4601909211663813,1.4201765609485295,0
256,4.9927101048348135,1.8241817215965956,0
512,1.9777676194474547,1.7731017165211953,0
512,3.8687222102155507,1.5416614844545227,0
256,3.4607013120041805,1.2749399278822937,0
768,1.4622743378306868,1.0148350695830004,0
512,2.830825813473582,1.5099376714755897,0
512,3.48272936713773,1.5053015010017585,0
512,1.363884041550063,1.6720646409376525,0
256,3.857054877106419,0.7514298461455393,0
256,4.800544502098953,1.8106667228514106,0
768,1.7510890581330583,1.7206933603494656,0
256,4.810401213325775,1.9180407471242933,0
256,2.750779995219418,1.9220157699319684,0
768,2.078656091209204,1.4320246675676533,0
256,4.788168030507951,0.9116260282638246,0
512,2.7080512028399886,0.5431092580771998,0
512,2.069051704383047,0.573270419612631,0
512,1.9925001705773382,0.8398078779836297,0
768,4.124172998079887,1.896173202411956,0
768,4.873991035242998,1.030651165301718,0
512,1.8058526167301192,0.6950893405369787,0
512,4.014474088879815,1.1375236810482676,0
768,1.4592220294440699,0.8772934378363437,0
256,1.8931316731817711,1.82886330457762,0
256,2.796073786086336,1.1544322261359419,0
512,4.041724650347863,1.704828284748408,0
768,2.829040075942421,1.6560204265182872,0
512,1.7771433071900025,0.9653937316723327,0
512,1.2557622026339716,0.6308745776475306,0
768,1.217965933342514,0.6908923270988429,0
256,4.39059159559018,1.1991448364625843,0
512,2.7594570012935797,0.5725266258703388,0
512,1.1098371217175362,1.6903907571636376,0
256,2.6503898916907187,1.1123426768493072,0
768,1.4783325051141984,1.2283372428420551,0
256,3.231500938392893,1.1241359423496342,0
512,3.092038432849961,0.756509378784471,0
512,1.690955575912822,1.1754042243627056,0
768,4.840969692887143,0.9297026660144376,0
512,2.676876638032303,1.964229343087104,0
256,4.164255036570275,0.677500242709386,0
256,2.8237583801037958,0.7084694267149938,0
256,1.321781958838577,1.7252954747794584,0
512,3.179162715799666,1.2945672361619598,0
256,4.930280632729867,1.1969500951991532,0
512,1.9509985871498818,1.8388312085169918,0
512,3.2838676902893797,0.7043225975145561,0
768,4.321324378038488,0.5206224715192811,0
256,2.1726665230895614,0.5462066508242933,0
512,1.048446708317063,1.1643566082927732,0
512,1.6963848194797353,0.900131128957552,0
512,3.240042894646365,0.8062885427404998,0
768,2.725067144875122,1.236268220562855,0
512,1.0761223898166001,1.909497213824452,0
256,1.1342292593495618,1.5798971368797796,0
256,1.8215338854948055,1.740859398521642,0
512,4.845738839585184,1.7521419995184073,0
256,3.6653576906081744,1.1263578846369227,0
768,1.1269498886620735,0.5265101374734468,0
768,1.3895040205546758,0.9769485933134682,0
512,3.7606570794239498,1.5556972220927738,0
256,2.3610524574332072,0.5838591036026466,0
256,1.2721329177601581,0.6108212602799252,0
256,4.866050377483522,0.6426420319880641,0
256,4.083880764180684,0.9687362626647267,0
768,4.579621063728524,1.4747811528843757,0
512,2.743526853597266,0.8737900979307799,0
768,1.127672737832472,1.1958696911992495,0
512,3.7619038577889232,1.6147497502671768,0
768,3.0292439014089676,1.4292513698684977,0
512,3.2037450465055533,1.5400096121097806,0
256,4.92379508795741,0.5250946290901028,0
256,3.5433082363793464,1.1258434206878685,0
768,2.6716672269183745,1.779664098628233,0
256,1.9861493659878113,1.373147692382469,0
256,1.6911077995982282,1.9775290878675031,0
256,3.0753742948591394,1.1090020151866682,0
512,2.61446340397679,1.8455505913331989,0
256,1.9644523224542088,1.398244249388244,0
512,4.3866937507776935,1.0727327386329284,0
768,1.754045215623317,1.9163359006779226,0
512,4.461880247801503,0.7125985561266933,0
768,4.400617367313914,0.5614066159148801,0
512,1.393629161023283,0.8211548173747949,0
768,1.3873821598803322,0.519854848892539,0
512,3.8597273800847978,1.1817800449526792,0
512,1.539966545397336,0.5780318043487969,0
256,4.290664910057698,1.708337677190275,0
256,3.4654133933499462,1.3556749528276912,0
256,3.5869578831408067,1.3781862083304572,0
768,3.110347131633117,1.1357851442460096,0
512,1.5096597218593373,1.232234876741756,0
512,2.5899189453499307,0.5919119441920436,0
768,4.978635784749375,1.230108501239725,0
256,4.61228427751689,0.7118065711241792,0
768,2.935845377513067,1.7756619729537184,0
256,2.55711095928045,0.92231507172988,0
768,2.5837162037477794,1.1589420041004055,0
512,2.16086910460638,1.0521618691892205,0
256,3.4902976983807923,0.7785071997005129,0
512,4.458473541923965,1.1999786237230246,0
512,4.149649353988045,0.5176911091889803,0
256,1.7951643215068818,1.9804149262223092,0
768,4.459747989589394,1.820282078555687,0
768,2.942107218194263,1.598763480847486,0
768,2.9056580658541007,1.7740507529894232,0
256,4.481233812950567,1.8497274043058374,0
512,4.894852291625425,1.0952561252371582,0
768,2.5120283362545606,0.7846431027955785,0
768,2.142892394121429,0.8370134429946132,0
256,2.2062424196102124,0.9845972040986135,0
256,3.379349323151072,1.2611152462408912,0
768,4.37599854354443,1.6851737179182738,0
256,3.4001557549213755,1.9131580434213826,0
256,2.197668047907882,0.7114619745883881,0
256,4.889891725721181,1.1841712473979369,0
768,4.042231413174521,0.8542190288359157,0
512,4.3664987451607775,1.4143707518284536,0
256,4.173214588082752,1.1237867283835703,0
512,2.205674634267135,1.5701748206069155,0
256,4.830359849259632,0.9747848956948354,0
768,4.578923987173521,0.6274214105482893,0
768,4.503147756783958,0.6210639646129407,0
256,3.403153247137598,1.1392392145998578,0
512,4.915409056885111,1.9851850170148018,0
768,3.55288344316538,0.6993107529696374,0
768,3.5066488873704458,0.8813402731098541,0
768,2.475659333265492,0.8908593821529627,0
512,1.5966677202252009,1.0532577997286727,0
768,3.6843505474598732,1.6048361515178668,0
768,2.918626622811627,0.8939802160011943,0
768,3.4013346891092917,1.9959592467300766,0
256,4.7963581052676005,0.7095890088896442,0
256,1.260271263914615,1.8861915541524175,0
256,1.432403623216083,0.8717292436343067,0
768,3.198175671223379,1.7993315995178791,0
512,4.616263139036987,1.4873764548188002,0
768,3.053272532972905,1.5022000452519213,0
256,1.993586556796918,1.4155288977463794,0
512,2.2918143816168337,1.8374016033487952,0
512,4.542132915140032,0.6581065280583541,0
256,2.3492048772115726,1.7884233112641956,0
512,2.1270614165090804,0.7594584000245366,0
512,1.582970316563876,0.8478169032024043,0
512,4.684075026135104,1.8642994704416322,0
768,1.6023126763550843,1.4936985058461991,0
768,2.782150188242599,1.9720348097029752,0
768,1.817981651569244,1.6373106332515284,0
512,3.3684485944767792,0.7171905498011177,0
256,2.035623482792698,1.5830240559555255,0
512,2.232446999484494,0.856653421968598,0
256,2.302735819233693,1.1142418217952443,0
512,3.4994968689999815,1.6669295466026035,0
256,4.0470910408766,1.8027515933487481,0
512,3.685582191975077,1.3965576326305127,0
256,1.9428027384006494,1.4746450033110388,0
512,3.3924449291371825,1.9106793641659592,0
256,1.8995948186693936,0.6715936180883855,0
256,3.0654039013837444,0.9699971734675104,0
512,2.17293503697127,1.0838824241405762,0
512,1.1434499008756647,0.6114953039019383,0
768,4.341754678089934,1.2035567609648588,0
256,1.7511060819281012,0.8080917628918258,0
512,1.3086305294651308,1.739847202566595,0
512,3.4034052772391834,1.2751763531597213,0
256,1.0540987217879696,0.8828493178495929,0
768,4.184145496211764,0.5612875518393181,0
256,3.7892062408907523,1.905042051845592,0
256,2.4736694531998467,1.6259654514764184,0
768,2.66793477416554,1.882180069578867,0
256,4.473923739251488,1.974212458554609,0
256,1.4873919433085523,1.1293484235534668,0
768,3.1526644948552027,0.6911923861110922,0
256,2.8871868317443647,1.589183376846526,0
256,1.4664200123696602,0.8701824724664973,0
512,2.250089251062793,1.0142975996603083,0
512,1.8155785858852722,1.1830559243333687,0
512,1.401582116049402,1.5717182147881774,0
256,1.9768266228192206,0.7265606283587495,0
768,2.913779930822649,0.7055360098427539,0
256,2.1581889259577203,1.8412288084098503,0
768,2.0435379940055682,1.4144758240155064,0
768,1.1099177884662623,0.507173196388416,0
768,3.5155908180912276,1.0077013178574943,0
256,4.438130360868486,1.364817885337314,0
512,2.5304663459622962,1.1172019473945594,0
512,1.8118772400452814,1.3283272880226926,0
768,1.3223361842690906,1.631165850615813,0
768,1.7759706053988311,0.990647783457082,0
256,1.7371981940821093,0.7493971866269595,0
512,1.8012481517140464,0.5567524177893266,0
512,4.742016999816443,1.1350583106296865,0
768,2.502298712511404,0.7419714034465084,0
768,2.7372316364691893,1.470083668450893,0
768,2.0646749436622955,1.1382948368815187,0
512,2.246944040918526,1.9928081049031607,0
768,4.208777738156684,1.6338529681838294,0
768,2.989958760764532,0.5930565326777861,0
768,1.1387084881579725,1.4825508913464178,0
768,4.793730093242786,0.997308067647349,0
768,3.7842403903031028,1.967446696555803,0
768,4.232423710428306,1.6320368312593496,0
256,2.007299357679923,1.0801294226597522,0
768,1.8713020162093343,1.3228195843664023,0
256,4.158319964193565,1.0375055738612995,0
256,3.699724598410763,1.49977300049384,0
768,4.578897971499606,1.789970240945235,0
768,3.2986077901892634,1.773171899301354,0
512,2.434515789341632,1.1793361762555712,0
256,2.1843461755742752,0.5097427793910856,0
768,3.3606579949413926,1.5208073228042895,0
768,2.9109256211046755,0.5968378076191541,0
768,3.031615843777204,1.858387816922211,0
256,4.2438249285963,1.7954562256086524,0
512,4.676271452504826,1.3416689582023404,0
256,4.348758066597792,0.7637345667474283,0
512,1.0103008276246714,1.962950741987219,0
512,2.989452586879192,1.4794106948006163,0
256,3.235709662791733,0.7079531406380639,0
512,2.4515655243438843,1.7806810909120132,0
512,4.152741332933753,1.4636846999084354,0
768,1.3815860038084953,1.970663514577407,0
512,3.46344309038793,0.6680597141849058,0
512,1.4352329423448644,0.5339055156454203,0
512,2.519914628611091,1.4438102072952046,0
512,4.566448755679868,1.7369447646067628,0
512,3.8996470933039307,1.1942434127839623,0
768,1.4139353676104696,1.8051830921997287,0
768,2.1566524330895405,1.1925974919754179,0
512,1.7123915516205885,1.6664906404455881,0
768,1.7417943960191749,1.4675595884220431,0
256,1.502240077604803,1.9572104463846727,0
512,2.0326471700550806,1.362328245613135,0
256,4.355788052299465,0.9271868391618754,0
768,3.8970884990499837,0.8418941752143647,0
512,4.363314283819646,1.5203533911061216,0
512,2.023954069334353,1.9988179549535139,0
256,2.5010326039665842,1.906723272830115,0
768,3.41114635887499,0.6267335169640882,0
512,2.6302835971755445,1.24745818061639,0
512,1.9669543770803641,1.3298523936775573,0
512,4.143898038473155,1.8899521913618331,0
512,1.9824958481290893,0.5727944304658917,0
512,3.890730820914913,1.0789593676794185,0
768,1.1027999930198966,0.9804872578483429,0
512,3.7353256853549706,1.106785853704861,0
768,3.6636283144349604,0.6872645101002094,0
768,3.4515785858490657,1.3805761476133198,0
768,1.2064810890014295,0.6351422332355767,0
768,3.737353442296458,1.8738646715135618,0
768,4.219532739237483,0.8507551668931979,0
768,2.041607593464156,0.9940467337328787,0
256,1.3145096778493515,1.2443825159334347,0
512,1.1236219349171574,1.0163900457894783,0
512,1.543496954612043,1.8523502825829068,0
256,4.4600148013644665,1.6968227170133456,0
768,2.3884626998971683,1.193573067471893,0
512,2.0827159417115566,1.9183299688907491,0
768,2.602259502113233,1.4820421771156975,0
512,3.305407679253399,1.3369615370139762,0
512,2.540035251637725,0.9449345975377661,0
512,4.58674061905095,1.6263246096115722,0
256,2.8272114016137957,1.8008986370120827,0
256,4.33704549574901,1.2561093282774796,0
256,4.498100135805489,0.8036964048283065,0
768,4.845051556877442,1.695355146743521,0
256,2.42221796553443,1.9603850632540558,0
512,4.678915925215443,0.7026351368848589,0
256,1.9361359714627655,1.2302953784297157,0
768,1.1682809226670932,0.5851614665748702,0
768,1.1493914173311843,0.9526895299954374,0
512,3.3256089525231296,1.3870246902525656,0
256,2.690191869526423,1.6262493046398339,0
512,1.9142478906210725,1.0570239000666113,0
256,1.4010235198227692,1.9098445101791914,0
256,4.58500604534715,1.437030398237955,0
256,1.0276113075988995,1.9901219635834941,0
768,4.825707162872929,1.388540341280026,0
256,1.0369887483050895,0.7269367924606802,0
256,3.973670128546572,1.138374364706157,0
512,2.8133605969122013,1.1382047426380157,0
768,3.8918275573299406,1.6648390720878201,0
256,3.0005790994390953,1.829175752420463,0
512,3.116753917767344,1.904023695571088,0
768,3.3318865352022895,0.9742661385103766,0
512,1.5644121286070392,0.6975315735457486,0
768,3.15843239288378,1.6031621026104028,0
768,1.4954533892688842,1.5146978768374848,0
256,3.508863463424766,1.5399396622147719,0
256,4.085207207537469,0.8650380715992083,0
768,4.255327330697087,1.2207469594514777,0
256,2.0010918922779424,0.777704323922958,0
256,1.0180045536672364,1.6433179788309453,0
768,3.976552035488735,1.48360867359218,0
768,4.907892370206997,0.9941367385668453,0
768,1.949161360277254,1.994381270007279,0
768,4.808514892817472,1.8753702537819312,0
768,4.561087810639229,1.0636766494688397,0
768,4.085398582380275,0.6960468510913578,0
768,4.418457815230988,1.4099803237670652,0
512,4.522850814761695,1.0658126474515441,0
768,3.604672180707814,1.3247874761445673,0
256,1.6576915379781885,1.5369542632381594,0
768,1.5251696600452505,0.5328019953860659,0
512,1.9305981058115775,1.1311165359763131,0
768,4.511886397346222,0.7704696677176146,0
768,2.492491671149175,0.5275918416006772,0
256,3.769761076257825,0.6682874826047276,0
512,3.52137724707213,0.7350849262390757,0
512,4.854496907979836,0.6151192621626382,0
512,3.381093547543209,0.6756464581552879,0
256,2.3008825314858368,0.9719455385915843,0
256,3.439663205138589,0.6616928123872228,0
256,1.187612050182608,0.5177667097939362,0
256,4.81529667208727,0.5290572794870716,0
768,2.0832269380971966,1.0898659024245985,0
512,3.315999549883841,1.9376531924832072,0
768,4.877649092687388,1.6157361659955605,0
512,2.8531055127806204,1.1729723489556634,0
256,4.455820840614425,1.6086763158308837,0
512,4.249709408957253,1.398898185133818,0
256,1.549811417912291,1.1973726041276727,0
256,3.2109032035870086,1.9550774923834302,0
256,2.958450940720863,0.7053317776364245,0
512,2.0031297067575142,1.7711332342273471,0
256,4.411182899076851,0.6707901994473977,0
512,1.1425779243872332,0.607912114222853,0
768,1.8343446201677236,1.8411070056993155,0
512,1.0761712066382585,1.756288037644807,0
768,1.3724633401415183,1.4327605118826336,0
768,4.266192715246314,1.425173514708539,0
256,4.559770021014357,1.9938696907464495,0
512,1.5546816417292075,0.5678946595045629,0
256,1.7640359116043651,0.6037671599535743,0
512,3.2870725144927917,1.0910577685355607,0
256,1.3467608512027929,1.9111972797667185,0
768,2.314559990807657,1.6761848842370606,0
768,4.42260775606875,1.0330128295654668,0
512,1.9603942505345597,1.4419526573879382,0
768,1.2198336476134841,0.7086833397846424,0
256,2.6042828257627266,0.8414542069254476,0
256,2.022008643651643,1.6672103261784716,0
768,4.81245232982789,1.2573314636730981,0
512,3.527801541182752,1.7560780882406273,0
256,2.044553947213779,0.6534523281374425,0
256,1.434260041707855,0.9782879603185088,0
512,1.290097194790107,1.7736197139462135,0
256,4.015300347208344,1.576558908703124,0
768,4.56814242750041,0.6923996051320573,0
256,1.5760697821919418,1.589891823228874,0
256,1.793374264918747,1.5361062716981015,0
256,4.507373513378701,0.8123901555415561,0
768,2.278569871201228,1.490554566252286,0
768,1.3949675710274754,0.9067618648152016,0
512,2.701780195633334,1.0832293620085982,0
256,3.93993568339346,0.6846910488975002,0
512,2.6087397386839806,1.010048380572667,0
768,1.7971196780338943,1.4624674108587352,0
512,2.7568511979944557,1.519265206481765,0
256,4.878300602992852,0.6911568916742975,0
512,2.507476583048072,1.786891321251828,0
256,3.289850709550259,1.5455022813842019,0
512,1.9288036594220017,1.3813095677944307,0
768,3.9144687622976675,1.9492575794997782,0
768,3.071062406549296,0.7480551468092553,0
768,2.819619940877076,1.8625060302190375,0
512,1.2078978235997364,0.7987856116801365,0
768,2.715987637722594,0.8307646182972055,0
512,4.795437914450407,1.5098877897712222,0
512,2.9072493257838006,1.495471854444799,0
256,1.3594589965404706,0.8580100549097829,0
512,2.2705012370682285,1.1743894321662665,0
512,3.1732011180097834,1.2251703505208034,0
512,2.525567375073627,1.7634317101282377,0
768,3.4064036672546734,0.5169307582096723,0
768,4.1442147760114505,1.7797895130145862,0
256,4.589885700787837,1.1219642370891085,0
512,3.288979373270269,1.8881799742192802,0
256,4.107425208666396,1.319369065371449,0
768,4.547769764710068,1.7867328767546695,0
512,3.058307093976994,1.0536555983667208,0
512,3.4585856373404873,1.6981461902054649,0
512,4.461591451616506,1.2407541706706307,0
768,3.624129070182611,1.8053745235786522,0
512,3.4419437200302876,1.8513633986386182,0
768,1.8434674202150294,1.2001495684353287,0
512,4.612024920732727,1.988611763894222,0
512,2.7140572464171675,1.6439160528472376,0
768,1.7552393545165468,1.8051717445480249,0
768,3.894221746399489,1.4004997459513882,0
256,4.408203944873656,1.8391181176799662,0
512,4.643067660374262,1.7457501986491137,0
256,1.2172396526984497,1.9466786258617579,0
256,3.19004613187244,1.6608309452952938,0
512,2.5593695036992985,1.5655524205659095,0
512,2.1501742347433166,1.6616601187080922,0
512,3.4614709943491846,0.6443264597536593,0
768,3.6415076185798285,1.0480896595149152,0
256,2.828619869634113,0.9770034829841934,0
512,3.825667309159849,0.9309174025725588,0
512,1.002389365546751,1.6231770848266758,0
512,1.677860255947587,1.5471699803012187,0
768,1.0670493251386621,0.8458792659163805,0
512,4.103227773380805,1.9046423487229969,0
256,2.712044840560717,1.759852238327329,0
512,1.6063879862573183,1.616700900484068,0
512,1.3842830126555872,1.5967725321259008,0
512,4.201766672979067,0.6129178065700196,0
256,4.238166582206404,1.1614865893983337,0
512,4.0945417055803635,0.6968087675135128,0
256,3.082481121667701,0.6433086712372493,0
768,2.8662183263035215,0.7693798745482185,0
512,3.5818557508173363,1.2198056272193873,0
512,1.0940528157191114,1.7179628091937116,0
512,2.6487293309844446,1.22374341312965,0
256,3.957298159208199,1.1890441948590196,0
512,2.3045456720578414,0.6639549078108742,0
768,2.832458980392464,1.6905907403662948,0
256,1.5899101776051587,0.799289349250044,0
768,3.312270960450335,1.3439661042193147,0
512,1.0622617684467266,0.8678296496561231,0
512,1.4335468602040007,1.367821696894428,0
768,2.08696196678971,1.7404887394953865,0
512,4.992760191231229,1.1325148672877607,0
256,1.758691565425735,1.6471753720456839,0
768,4.839390736995058,0.7025662714321279,0
256,4.018737851163618,1.779566667382716,0
256,4.392689223949639,1.5856499850987094,0
768,1.7424582706555904,1.6783511699025717,0
768,2.350669629225537,1.6185152689515712,0
512,1.181170206897423,1.3758589043213556,0
256,3.0317351742025136,1.6536723999735359,0
512,3.742678507766286,1.0551472932682135,0
768,3.2409159500205362,1.3296955384692724,0
256,1.694886836149292,0.8406078274046491,0
768,2.1169181806544324,0.551470090219667,0
512,1.9721793861012187,1.3131189177175533,0
256,1.2060297737734542,0.683391993650355,0
768,3.3749646147285155,0.7489455973870327,0
768,1.8308952202559263,1.1051458044803555,0
768,2.4300218105455507,1.0086864793972499,0
256,3.9082770469071577,1.3275198308079337,0
256,2.916427136236864,1.1243718978428663,0
256,1.9412791715099043,0.5238786040993253,0
256,1.761816912732593,1.470415005767077,0
256,2.2314885707640135,1.9767394443227442,0
768,3.1257446020363076,1.4466384419124485,0
256,1.4248764344216758,0.9436840691820633,0
512,3.253976683877868,0.8322202896884684,0
256,3.4883961162488175,1.7438573116194975,0
512,4.173221866937834,0.5700970881992102,0
512,3.5729779558855754,1.7037122743834183,0
512,1.846421018976737,1.9333675289478647,0
256,1.870804643586883,1.3547882141651866,0
256,3.5745082688011367,1.3742590822241798,0
512,3.3240778417946912,1.784350897533396,0
768,4.109161353793089,0.9684804686390451,0
256,2.606626102240066,1.8871399197926655,0
512,4.731965486434645,1.166797995955982,0
512,4.044518520213534,0.8540735213880382,0
768,3.108411967615271,1.547548329638793,0
512,2.4879125846918915,0.6635789399671993,0
256,3.0621551843775716,0.6692690460941977,0
768,1.9082750159208706,1.1395657072274423,0
512,4.797581140234069,0.587997422079373,0
768,2.1164101715413666,1.1361041985079594,0
256,2.5072440142810986,1.1969633691398198,0
512,4.469968572077601,1.6529330638298927,0
256,1.8246712137104386,1.4729584339402009,0
768,2.2917919156110305,1.6226526308127447,0
256,1.547689986794019,1.4612991550521857,0
768,1.1142508169935486,0.7821757626756978,0
768,2.6795207293477636,0.9659048157700334,0
256,4.787478985326114,0.7802237461090387,0
256,3.1509177045200976,0.513961828403531,0
512,2.226303446300172,1.0241575314178615,0
512,2.618490441368758,0.674150058647724,0
768,2.9741102439571447,1.24536455590023,0
768,2.3977671553717186,1.7653653509738487,0
768,1.6479422944041677,1.4867606879630912,0
256,2.497325695724037,0.9241255331191446,0
256,2.829172143855052,1.9020507284832644,0
768,4.777711292514546,1.9160444632225457,0
512,4.393792914234506,1.643953473780259,0
512,2.015238342056604,1.047435668421756,0
256,1.7131811243386998,1.2336583493251065,0
256,2.9793170161033578,1.318660761249751,0
768,2.455664829057812,1.355899032827394,0
256,3.1152428602287383,0.7635537708585185,0
256,4.292727960244598,0.6594639804201741,0
768,4.60684166246739,0.6445979544673335,0
768,3.499336889134674,1.6775791028908231,0
768,3.88327312918605,1.7915940466506273,0
256,4.371375601654309,0.5686484517977823,0
512,2.350053055068737,0.9391092025721584,0
512,2.690059225318488,1.3066403476461477,0
768,1.2851304307531457,1.152700546145621,0
512,2.3066595891588584,1.0918549139986102,0
768,2.446674909524282,1.2636624177113889,0
512,1.132291215022022,1.404065888299022,0
256,4.358815779621668,0.6339252930305592,0
768,1.2293572832541981,1.0112564183393034,0
256,4.154642877773012,1.6682266302874014,0
768,4.786668418234667,1.088268240734555,0
512,4.589344570000729,1.7524914922214885,0
256,2.713663022553966,1.0591105978184636,0
768,4.139196774829909,0.9781422982268251,0
768,3.5581818864878154,1.2211879939490435,0
768,1.159329262019312,0.556738557841507,0
768,1.886490238808447,1.7734112360795315,0
512,4.327903080475304,1.636815404512693,0
768,4.9772332595557955,1.832369369015517,0
512,4.252699299760724,1.4915070157720312,0
768,4.3076212047997124,0.6294321402603507,0
512,1.326930200730723,1.2913661233024274,0
768,3.3625140801082,1.834103019521194,0
256,1.9083310959867577,0.6276359735384576,0
768,1.422725736502509,0.5120000785370066,0
512,3.9847140443477125,1.4777751307278624,0
768,2.7068315609648907,0.9603631141607393,0
768,1.7039056632802292,1.9405949512976668,0
768,2.8080329770165213,0.6433082347627497,0
768,2.2823583425012615,1.311854751392602,0
256,3.3197495404361566,1.6678739454688063,0
512,4.37251759121749,0.6403593902595406,0
768,1.16410877558793,0.9680382057245038,0
768,1.2927788295679643,0.9700487722001345,0
768,3.6562015017897105,1.237501610332023,0
256,3.863817436717339,1.4989998791619126,0
512,3.86208059303332,0.9261027766456551,0
512,1.5703526633377711,0.5293221109863829,0
512,3.564901733818698,1.1445805681318695,0
768,4.226490124149611,1.683982504061972,0
512,4.601019624217841,0.8936780452859647,0
256,3.1270887538766736,1.216031433230815,0
768,4.989257209695873,1.4856515972003368,0
512,4.613582814040173,0.6665035453105258,0
768,3.459479291010176,0.8312403984175037,0
256,2.1881892344409106,1.2691713581585222,0
768,2.8246619388297223,1.80308847794264,0
256,2.294574940709214,1.4706528960649325,0
512,2.875328142954947,1.286215681444955,0
768,2.22428998748349,0.5605159656351157,0
768,1.3925034182876002,0.6475637061041495,0
512,3.1862011519617197,1.326031055242448,0
768,1.4888545341557493,0.8262189136539021,0
768,3.8063778582458276,1.7350691345461904,0
256,2.1638998340895,0.990603847693712,0
512,4.57168469712754,1.3268428594151174,0
768,4.100997409894836,1.837594391710311,0
512,4.803662180584215,1.0523154243048098,0
256,1.4095522192908692,1.9272568217998978,0
768,2.8191085718771873,1.678664470142601,0
256,4.481761632498919,1.0235985240794836,0
256,3.8555026367270804,1.1970260921584686,0
256,1.8618918365754604,0.9002800682108489,0
512,2.54243063193032,0.8639686344964475,0
768,1.429381052655113,1.884721128661649,0
256,4.082639741055163,1.579907443115637,0
768,4.9819855871923515,1.9644419920858942,0
768,3.0123455806841175,1.1046201036661316,0
512,1.0368181467502868,1.6610035357936037,0
512,3.4253187821083406,0.6279361065344778,0
256,1.0363759530551335,0.8799759020879563,0
768,3.2701060354173297,0.8456247324073083,0
256,1.552620200255482,1.3405200484556994,0
768,3.2131818361283977,1.6255476495670684,0
768,2.354355184629809,0.5266382981518838,0
512,4.5961603775251705,1.155264162004881,0
256,3.235410626886667,0.8047926456692409,0
256,1.1504134089482392,1.9966109957074187,0
256,1.222394309507255,1.6212768763630274,0
768,4.778473615728165,1.4675959377631689,0
256,4.73095607760051,1.0355703029628205,0
768,2.8459236805148818,0.9654407943317176,0
256,4.8224187560586,1.365677138337862,0
512,1.2958623184564582,0.881110918274127,0
768,1.602803773891992,1.0382150488373512,0
512,1.7363533561520912,0.6460219803076124,0
768,4.057115607459432,0.6272643340748889,0
512,2.156573427115233,1.966438246324454,0
256,4.26165225102949,1.0803704460624997,0
768,2.0436296668857374,1.775623972785994,0
256,1.9705932411313958,0.8652318661174869,0
768,2.6440251254871456,1.0077765054684693,0
256,3.3384765406953396,0.9805684535665731,0
768,4.5774978705557245,0.89623796145311,0
256,1.9810761100816845,1.0500974713004143,0
512,4.116483462704652,0.5079464489821592,0
768,1.4537958402602875,0.6811250518318044,0
768,3.3517052118780306,0.8021654526847695,0
512,4.936490785099421,0.9915573158095725,0
768,1.14227216653416,0.7574830729457451,0
512,1.8328232512863463,1.4190485271371482,0
256,2.107171947752262,1.7321848839277387,0
768,2.579014069901205,1.6669855608819166,0
768,1.0111631677375121,1.9301189042565816,0
512,4.2138101067300635,0.693231075996711,0
256,1.6657065564355271,1.464138996616246,0
768,4.776773734873435,1.273105069560832,0
256,2.4028942758437575,0.5269642087941495,0
768,1.3357233221040805,1.191725132722642,0
256,2.3212918971738916,1.332282396462245,0
256,2.880677261711403,1.034613365102493,0
512,2.0004835688177303,1.8551435321084062,0
256,4.94434011856632,1.6957974003938405,0
256,3.6370120875356844,1.2578778020232846,0
256,2.2302579605955177,0.5441448552920495,0
256,4.240827906140108,0.5948541697621271,0
768,1.051629154042414,0.9566944781116609,0
256,4.308808852276785,0.5859706223946459,0
256,3.8996107478815993,1.5640143191483435,0
768,2.173548823064855,0.7481690987152396,0
768,1.045329241265741,1.3629069569327639,0
512,2.8028583997947596,0.9770022778871779,0
256,1.6139227292424332,0.6085173388234475,0
768,2.2767199591906917,1.165121203217151,0
512,4.355397540176095,1.9196025000945427,0
256,1.5223114520542764,1.147333274601823,0
512,3.1189961901510164,1.4127194853654852,0
768,1.342170152756525,0.5305089756002885,0
256,4.228876108033635,1.1847819274893021,0
768,2.9756752361032515,1.5100824578429015,0
512,1.7485232099482437,0.9058421613828532,0
512,1.3940350130185513,1.6245728456949684,0
768,4.842658152387433,0.8389830428005757,0
768,2.0345288238427313,1.0474244306358385,0
512,3.2163226429132417,1.6019244689712135,0
512,1.203628775952862,0.575241333278762,0
768,2.9965039939009896,0.7650480499814589,0
256,1.7961571511264358,1.3646989211046827,0
512,4.046189155169778,0.79260681728908,0
256,2.81518794844085,1.0381138223625914,0
512,2.842558422275812,1.2296712374938137,0
256,2.6999082078432712,0.5483587560095566,0
256,3.398691259112525,0.8814806867511,0
256,1.843865796074525,1.4182134411500142,0
256,3.1129713515715802,0.9499465513436562,0
768,4.307554781128427,1.7088654654677407,0
256,2.472372100478832,1.8392423826613098,0
512,4.3491275692199665,1.8257580252386736,0
512,2.1272110533838706,1.8041041506460969,0
256,2.923859364937709,0.571486442280273,0
512,2.0769028354443355,1.857706652747018,0
768,1.7793833110252315,0.5046707128708312,0
768,4.884008752160359,1.1994622792554104,0
256,4.168346144513778,0.6864494047080352,0
256,4.448880819199889,1.8490375043265619,0
768,2.443037907766599,1.6031327145453353,0
768,1.3162496567636466,0.7031421644491913,0
256,1.5063284230913245,1.9674255322129701,0
768,4.354660198048693,1.5051794050954823,0
256,2.1045074081065125,1.41140545898122,0
512,3.8305451461445497,1.1676469080070735,0
768,3.0292662378306896,0.5932352480329111,0
768,3.159061874550957,0.7211495532054581,0
256,4.596404243844267,0.8357043110820082,0
256,1.6107133857365374,0.5343625816929662,0
512,3.676904193133673,1.9327901892879722,0
256,1.920416495481219,1.8785843500854833,0
512,4.280460170643057,1.9180433702745723,0
256,3.9236088212157183,1.892613844883834,0
768,3.4917633080676413,0.5458724901188159,0
512,3.312688034555131,1.127538715265767,0
512,2.558420082527471,0.9970779305389763,0
768,1.222568503389458,0.5333717535784301,0
256,1.6951976866812526,1.229133011375863,0
256,3.1977246576982,1.5769495538766631,0
256,4.256948444272037,1.4490654181856821,0
768,2.133316622840117,0.8552114088673106,0
768,1.4738488080482615,0.9515129245464511,0
256,4.3366115307434026,0.9434988567514748,0
512,3.911293385529308,1.8303224685573227,0
768,2.596851688839989,1.844141453103347,0
256,3.909282542424526,1.8212172595910125,0
768,3.73983596758099,1.5488879037884218,0
768,4.575239008983976,0.6867939439753825,0
256,3.2548797466132737,0.7973919327846359,0
512,1.9553905914803242,1.9290349606462946,0
768,1.2432807538899122,1.296727143869087,0
768,2.1166079209141424,1.5069637287288173,0
512,2.0097413266365725,0.9573087413721542,0
768,4.777181984616934,1.9584899168169185,0
768,3.1704488854163304,1.433102704398124,0
256,3.050005903244788,0.7871367842241146,0
256,1.9833328027734765,0.9512143806443136,0
256,1.8122423994473813,0.8796614158210473,0
768,3.684696878307691,1.850632334577519,0
512,4.469125017491633,0.7232229468970476,0
512,1.193384733931771,1.285541240834926,0
512,4.746039983813806,1.1877310687002895,0
256,1.4764466861477432,1.4826565010761676,0
256,3.1626736254070646,1.01531774288577,0
768,1.6303541338338938,1.9517010153955798,0
512,1.8399719922857432,1.678318879257924,0
512,1.3661546709849226,0.519348272034378,0
512,2.4071942585472637,0.7956122151852117,0
768,3.6652149232322517,0.7912407286452343,0
512,1.342702358389753,1.4216303980507712,0
768,1.1799778051783072,0.8983722749784233,0
256,2.8428127493501765,1.1482802315691187,0
768,1.393307690930448,1.7511458093004055,0
768,3.4390930393007926,1.9820588896571492,0
768,4.983346533211456,1.4960079881244146,0
512,2.33873550840608,1.5181230239879866,0
512,3.8604533114502906,0.6639961321907188,0
256,3.3137122781956916,1.9925606305432892,0
256,4.2852932067833205,1.036245574289258,0
768,2.7408105292320326,1.6066390396991934,0
256,2.125108336095358,1.0251064750866385,0
512,2.47904062735663,1.095391380178045,0
512,2.4145331271744306,1.5359010513513738,0
768,3.1108166909314456,1.0494714448892462,0
768,1.9201978433295785,1.7300815009011137,0
512,1.3400577897865595,1.7852963228188306,0
512,1.3423435266196155,1.2156909363121822,0
256,4.000159687648055,0.6003360412133769,0
768,2.935600993316336,0.8498641247112224,0
512,3.298500552917934,1.5776824675320311,0
768,1.366764189204802,0.8807971198735304,0
256,1.1530021407989928,1.8405691371381547,0
512,4.516947863737098,0.6841185531773133,0
512,4.187960435674658,1.3233036801557452,0
768,3.118381577735197,1.7761191894884534,0
512,1.7025738717029637,0.8422843484677489,0
256,1.7310380454039205,0.8460639789031965,0
768,1.7222512981291445,0.7682084099130946,0
256,4.037344527935822,1.0948665353534197,0
768,2.3759924456130657,0.7288096147256464,0
768,1.6887637314563184,0.9167937226748417,0
768,2.746791981054363,1.0750443993983185,0
512,4.669140737279463,0.6687119399259405,0
512,3.677722082587585,0.5080648571088193,0
256,3.6137502730658877,0.9226659583298586,0
768,1.9629363017245711,1.208677225974544,0
768,3.936121207818858,0.57012582172852,0
256,3.825369816308685,0.5279975531031108,0
256,3.8166963456174465,1.3703514164022415,0
512,4.634723582698168,1.0956896735519832,0
256,1.0889414120603833,1.1502308812400526,0
256,1.3474721976809554,0.6081431436709133,0
768,4.817147862452965,0.6126807969130187,0
768,3.018192973280286,1.520800706861082,0
256,3.1823585994700228,0.5534495705366327,0
768,2.0656746223800573,1.5389239238775514,0
256,1.9972982715579914,0.6972794380956928,0
256,3.5628051955843065,1.849302679223063,0
768,3.755790883910069,1.5239682461231794,0
768,2.248625311811757,1.0414067202026174,0
256,4.380021829816325,1.771954880462671,0
256,3.3336752505201876,0.7523578939709556,0
768,3.521693640378595,1.0409539023421663,0
256,4.259789954138777,1.9174543691110761,0
256,4.889031969504746,0.7462179591414289,0
512,2.5052744364088686,1.1278011150119553,0
512,4.875592564814676,1.5553700864025135,0
512,3.490562526668651,1.2996289486734731,0
512,3.2962490258799466,1.8055330505383114,0
512,4.8503593848386775,0.5858187703238867,0
512,3.1615027624371455,1.0320684052070144,0
512,3.567006526641705,1.2550074888977734,0
512,3.818317030251134,1.114307653172844,0
768,4.799066994252147,0.9925426924630842,0
512,4.928809505043647,1.1271079446084877,0
768,4.037735228273036,0.8439221134241788,0
2748,22.643176686542308,0.08793859147585702,1
2748,39.02632700801649,0.038072909153888806,1
2457,33.40424778316975,0.0271836237556677,1
2748,33.551822253127995,0.08336656757971375,1
2748,12.778946721276188,0.034265038362971095,1
2748,14.763378109413857,0.06302836398577596,1
2457,15.74531504681142,0.08529986910589184,1
2457,25.130358998513746,0.08680232558686699,1
2457,10.189474101493277,0.07977640032706511,1
2748,12.052420088330793,0.03455742546206923,1
2457,29.209955024991473,0.020114093894257043,1
2748,38.131064012158646,0.07327809952963053,1
2457,22.449901872018625,0.07289086364128611,1
2457,25.366049956612187,0.03565786962641216,1
2457,17.850401435501617,0.07538292067302213,1
2457,24.4155785013476,0.016284040854475317,1
2748,34.0038009587786,0.011881377757635127,1
2457,15.75721796650534,0.0817899166056705,1
2457,49.15691485780969,0.03319091794607881,1
2457,32.23838048599486,0.015404417522340813,1
2457,46.064569759201525,0.01447386300494834,1
2457,48.05915501436414,0.05670108713428429,1
2457,21.222053287793745,0.021853513352820108,1
2748,34.42379333148595,0.07638895173495845,1
2748,23.181254962812375,0.08442362559531796,1
2457,43.444787484521406,0.033711905505057406,1
2457,29.345447103509837,0.06606282791749107,1
2748,40.619261167822614,0.07295507373555968,1
2457,24.200206286250395,0.06161116505001891,1
2748,48.725849504212086,0.0392005064741349,1
2748,21.2514595629774,0.08629373998986455,1
2748,27.85568349046118,0.08953915000581295,1
2457,18.766927304387956,0.0764029965173418,1
2748,22.00777748388834,0.08487065453242053,1
2457,28.378892450723733,0.06611336825306717,1
2748,38.17357709749802,0.06614053104165196,1
2748,40.846806390131306,0.04448499193840116,1
2457,25.672389446159624,0.01123499428870706,1
2457,45.38011298069981,0.05674161025752926,1
2748,33.125908552696046,0.05748125676434245,1
2748,29.798871586850197,0.060732245373906195,1
2748,36.35437382975037,0.09748727242260538,1
2457,45.440724247811836,0.02602044363656974,1
2748,28.367720232404636,0.042748332455315584,1
2748,20.941229111614387,0.010709973424785746,1
2748,46.26396417229842,0.043440748372186644,1
2457,28.346656586398584,0.04579505595238899,1
2457,13.960265124890485,0.015272715788799449,1
2748,22.19428068599331,0.0383550106046906,1
2748,39.933023744430216,0.09359217933485262,1
2457,30.078019640921166,0.08032520375481417,1
2748,38.643544585897956,0.04928963337734057,1
2748,48.99074340261537,0.03085042229527924,1
2457,13.927719876147911,0.06883223853526738,1
2748,17.862168358171672,0.09242936443642581,1
2748,16.983101594337366,0.08007299244203184,1
2457,40.27194804310852,0.05308413010633842,1
2748,12.485275333474299,0.03008796480525345,1
2748,14.614485317112798,0.03399086651312022,1
2748,49.13549458357106,0.019365917772352248,1
2748,42.607750200789695,0.07243983141284893,1
2748,38.430516009365775,0.0827324454176404,1
2457,37.07977496073604,0.051015652565814903,1
2457,24.377944111410482,0.01427407218246302,1
2748,15.643771467274142,0.08497592336529332,1
2457,41.25737675886765,0.034850472270613414,1
2457,16.559884578200347,0.02375794335924432,1
2457,45.530937152424336,0.05095115442176429,1
2457,15.833746862925814,0.048753488196663315,1
2748,43.09923320185743,0.014150809536417862,1
2457,11.35785641764651,0.036840881139181464,1
2748,10.393130077638437,0.030695969533974306,1
2457,24.022566688685103,0.08944072404008749,1
2748,41.08271686411475,0.04271075487704583,1
2457,16.422594154645267,0.09879395987045365,1
2748,32.48787753127534,0.05114775988391573,1
2748,45.44349986852539,0.02990744981249408,1
2457,24.174823056188824,0.0928005661579714,1
2457,44.82396784226622,0.07751992828277583,1
2748,32.63569546888836,0.016880534812029193,1
2457,12.475848857192918,0.09356280142855167,1
2457,46.66144652179189,0.09787847313114624,1
2457,46.909748630436546,0.01338474434123106,1
2457,16.042638551705796,0.028842069676994445,1
2748,39.386229529160836,0.08064609143659164,1
2748,41.332928404107676,0.014691092502353275,1
2748,19.750382312128373,0.07634232408055829,1
2748,25.485084785828924,0.057144623095768135,1
2748,38.96497453956057,0.058795830426963444,1
2457,30.266854491708294,0.03101655737957342,1
2457,19.626111859297865,0.05894653825872055,1
2457,49.011713546249084,0.04826581071292196,1
2457,14.712446234426428,0.07749656463293364,1
2457,31.114226552494944,0.08167121973288306,1
2457,49.16999416282895,0.028036052112440167,1
2748,13.960750957823556,0.01251607175180929,1
2748,37.578209426866835,0.02960996619675401,1
2748,27.505433457092096,0.024955482123940893,1
2457,36.70831131667322,0.059300423973132774,1
2457,31.720423569649228,0.0806291802356464,1
2457,19.740844062991894,0.03142482269242774,1
2457,30.627229556782623,0.04930100928370264,1
2457,49.36152942978491,0.05063970797087815,1
2748,11.613494237096136,0.06524342401763776,1
2748,37.28997427540704,0.09435917003003301,1
2457,26.27428215526139,0.08475284469811413,1
2457,41.12140293526913,0.029827642472784154,1
2457,37.273792203189295,0.03404084933211966,1
2457,49.09871852824201,0.08580868119218901,1
2457,26.27468319052356,0.01887577128060003,1
2748,39.15525578048805,0.028582395546188286,1
2457,23.60365733492463,0.04795907813045074,1
2748,45.78787064715565,0.09355889471351739,1
2457,19.723978416904334,0.08164093470537263,1
2457,48.175221427293366,0.03490794485205969,1
2748,13.977929397670872,0.048711653887721175,1
2457,26.773348455706873,0.034688378999774346,1
2457,30.086469281249812,0.018330990884920434,1
2457,32.54875726380527,0.07297312063367915,1
2748,35.69973559435879,0.042379212156115,1
2748,48.5485293703997,0.08549836474597387,1
2748,40.278815016776335,0.0880893360346998,1
2457,47.39604270733568,0.04695970666370214,1
2457,39.55194181090759,0.04206443102129523,1
2457,13.099117789563458,0.025396383736509803,1
2748,28.40095806368497,0.06337168049974233,1
2748,16.973013267883665,0.013070875807294406,1
2748,42.698602657296384,0.04441476438530563,1
2748,36.786475357170985,0.048911557874621495,1
2457,30.06637044391013,0.02134301550831997,1
2457,28.15753727978366,0.015154196795786619,1
2748,13.799484018277898,0.05789199557629741,1
2748,47.59051146034365,0.08917187331141953,1
2748,49.6860707753739,0.0434189201727567,1
2748,29.660579495966978,0.07837447438240844,1
2457,11.217901268533378,0.05493710485641994,1
2748,25.666702895737107,0.09457745307631983,1
2748,23.805541736181915,0.09786530372494782,1
2748,22.705975893077287,0.06181821900178093,1
2457,20.842728198683513,0.0807473047147629,1
2748,20.227089606954685,0.04968472019435396,1
2748,25.921903701118598,0.07211742068553614,1
2748,17.124620506060545,0.02966719343339686,1
2748,14.793897811382912,0.04961894179574527,1
2457,22.427117329630207,0.06240094921333822,1
2748,29.195694463489442,0.07541655565555312,1
2457,28.87436070077073,0.06598530724368293,1
2457,24.58419574087261,0.014278929244539246,1
2457,17.408904217171855,0.03891319920729203,1
2748,13.202579289140232,0.03828522233068208,1
2457,49.01858463203588,0.02420508861199254,1
2748,10.59897747247434,0.07916596335056528,1
2457,12.880617487903274,0.06036249473446076,1
2748,13.041777387507398,0.020534585798778232,1
2748,20.62403167980475,0.07513271063405325,1
2457,36.64149981798994,0.06576296993824525,1
2457,17.63239313167107,0.09742570825488817,1
2457,42.835197099192655,0.0340278135483681,1
2457,17.048128377107723,0.060418578989339215,1
2457,17.135370260359718,0.02741853646621909,1
2457,33.328908969103686,0.015148069208732198,1
2748,35.28460350277783,0.03639264885357313,1
2748,16.85894949859105,0.010881455985977093,1
2748,16.320631615169123,0.07928533011600057,1
2748,26.831587472950766,0.08776708048999513,1
2457,23.907620429460348,0.06566393816598551,1
2457,48.199453138259656,0.08792160739489109,1
2457,16.770944039193807,0.01686393309948079,1
2748,25.953925310349284,0.015399300474759722,1
2457,32.99102346339751,0.055810067611329124,1
2748,18.143538514454693,0.025795919462551567,1
2748,20.44295396135076,0.06603455877887333,1
2457,39.26794447129046,0.03571248546365332,1
2457,17.836981427757582,0.07154400626607794,1
2748,46.3294928815441,0.09480188239745345,1
2748,25.7472279499899,0.011748541193000795,1
2457,47.0366875384767,0.020995528965720316,1
2457,42.472149560172745,0.0914476914103811,1
2457,16.150365793449343,0.09280882268633533,1
2457,49.29129074114868,0.011369297604879546,1
2748,41.88904750659191,0.01656921169183568,1
2457,16.271385890442684,0.07718689269902815,1
2457,13.135385102716267,0.048273771642079195,1
2748,22.458958580568854,0.011165470538482925,1
2457,42.66437199206821,0.04481939842840187,1
2748,21.415330865282304,0.014015960494859543,1
2457,15.147174080290231,0.015174206032772647,1
2457,41.7491935493194,0.057873161768852446,1
2457,35.26929955079755,0.053631032869999956,1
2457,39.416325154721434,0.09442894822055442,1
2457,30.36492104191597,0.05775512688643476,1
2457,25.30512776493003,0.026930317555910667,1
2748,38.52997625148355,0.038892797365838186,1
2457,40.715260170923315,0.0796257099583122,1
2748,17.43280967921379,0.011719457070046263,1
2457,10.047452085977412,0.08190915370402628,1
2748,38.60820009954443,0.099218103210368,1
2748,21.6607519157921,0.07836791136511417,1
2457,34.428036950544225,0.04544548688755852,1
2748,31.61644980020009,0.06184704200908467,1
2748,27.675056592369394,0.09804535937678749,1
2748,40.7680316801996,0.058372569820965926,1
2748,40.64533398729617,0.03928533598152679,1
2457,43.28786327636379,0.07751598547871719,1
2748,15.831935662492986,0.08092245267454935,1
2748,22.928241291037477,0.07249644809800018,1
2457,14.099865477534227,0.0875087186917544,1
2748,12.485015941182969,0.06166193936127647,1
2748,13.428892362359587,0.056875501405417375,1
2457,33.42092227989973,0.047237087923104375,1
2748,14.545153212844252,0.044513198165702136,1
2748,33.748392469207516,0.052346744052589315,1
2457,33.89739504617596,0.06184484315079513,1
2457,49.46059028928309,0.09191595823707413,1
2748,21.814086995316412,0.09491288768487705,1
2457,27.922117921107294,0.06378832608246383,1
2748,37.362850493709686,0.06883988674225698,1
2748,43.90248571581375,0.08774919966283887,1
2748,42.20619564638369,0.08184692040017989,1
2748,15.508220298553592,0.025917895370740962,1
2748,25.63892503068071,0.038268829272996754,1
2457,44.0429326122899,0.03784616481390174,1
2457,25.8134771091324,0.08315074543704738,1
2457,31.98683821542025,0.07242618014607477,1
2748,14.606217332135088,0.051116634523251915,1
2748,48.43727462773029,0.043593185009414545,1
2748,47.311703221268345,0.01532625167190129,1
2748,13.18082897073439,0.07832822543819459,1
2457,12.084389933390822,0.022891277129515896,1
2457,44.12823225221195,0.04845617775782752,1
2457,25.78847951785378,0.09554560765767575,1
2457,24.9000681486584,0.048610792221698604,1
2457,22.007720752523316,0.07244346606402938,1
2748,13.53565922734333,0.026571473734417553,1
2748,37.55833090280732,0.06800913752497768,1
2748,37.94246454169806,0.08657334294695977,1
2457,28.66605465432299,0.08707177952589339,1
2748,29.72481294694862,0.013383248238864245,1
2748,18.20362160305929,0.09128146002225615,1
2457,45.83545817154451,0.06530468843051958,1
2457,33.29161483795288,0.06323971619684095,1
2457,29.59469960911654,0.03019227090370189,1
2457,44.27820828877931,0.09917785447497068,1
2457,49.772653084979346,0.0915549846238877,1
2748,14.636662621817965,0.033721020854687304,1
2457,19.468700209302284,0.014050062481369193,1
2457,47.0818314192165,0.08931824355577189,1
2748,29.357765963987212,0.049978617832429226,1
2457,37.28073342184118,0.028956002845368957,1
2457,39.33212752572224,0.05318092465885311,1
2748,33.067026625899146,0.07939142375659983,1
2457,35.05717891336327,0.03448711008576797,1
2457,27.268213287616735,0.030066080002606785,1
2748,10.477547308736304,0.06243768445600891,1
2457,45.05903739563665,0.03121647894046587,1
2457,41.60640746545913,0.07310586874562215,1
2748,30.07880673854384,0.06658986512935007,1
2457,47.99152631946128,0.03776599121061755,1
2748,48.99795407769901,0.04563558624707636,1
2457,21.146745322057193,0.04953780840451224,1
2748,16.831409595614836,0.047541775380778195,1
2748,23.12112700071267,0.09230576614281961,1
2748,36.83302314065374,0.015128636021854824,1
2748,26.588682559479363,0.07232962871000634,1
2457,47.11479895997431,0.0973263337313385,1
2748,10.838492129815776,0.06851018332540618,1
2748,10.489791565629307,0.01255435489571747,1
2457,22.256564569546086,0.05430288610272929,1
2748,11.389731827530728,0.08594555013040286,1
2457,25.379629171178777,0.07000861157089432,1
2457,18.25839282347724,0.08583141174064851,1
2457,37.715341052546144,0.05641481479503568,1
2457,22.361136271108208,0.05044910562659296,1
2748,49.05983148171692,0.01796600024444161,1
2457,39.778558548579056,0.09572003033381156,1
2748,31.421724758698595,0.07519726383848298,1
2457,27.460771370078074,0.05719752664955534,1
2457,44.48895476040099,0.04439776558641593,1
2457,41.735764462760955,0.052374738574053836,1
2457,37.23663667351748,0.044230266406309095,1
2457,43.58059942091951,0.02067297537177283,1
2457,49.94216246213674,0.09156782076738834,1
2748,12.265423973250282,0.044665279395683447,1
2748,21.573925938046116,0.06550858737827377,1
2748,30.74688481773807,0.04246566792551257,1
2457,27.06466907807609,0.04547081024642091,1
2748,12.545807573792281,0.04271091761077796,1
2457,20.336213960987898,0.07878073161416499,1
2748,18.300804748730386,0.0594142029138401,1
2457,35.74042557102638,0.04697601555999415,1
2457,16.324158519847458,0.04953082281305772,1
2457,12.495525703841173,0.06453431409984504,1
2457,25.55313292259477,0.027712822022518444,1
2457,44.82955602362994,0.058152294230369266,1
2748,34.334492207146646,0.06787026182274492,1
2748,25.38376435149178,0.02137261663555469,1
2457,38.85470379737172,0.07876747911101414,1
2457,41.21687654933617,0.04392069385394518,1
2457,18.600941427315767,0.0348979096116006,1
2748,39.436378504984134,0.01573717605200469,1
